{"Jd4lxfc2TRZ36qo+HCU6Hw==":"mbr-1920x1279.jpg","MVqHOvxMZZyOKwThyH0l6A==":"mbr-121x80.jpg","9NVyU77gXVkJ5VoJvdTiqA==":"mbr-1920x1279.jpeg","ILaRrua4q3w8y07i5cyc1Q==":"mbr-696x431.png","/C0uySFqa9VJkrqwGE625A==":"mbr-696x463.jpg","LRYSLh8JMV0i5EsiBO8F0Q==":"mbr-1474x1102.jpg","J2zWEm+I3jn+yye4vbfN+A==":"background.jpg","FAKchwfJZld/CMFJw9flig==":"michelle-pic-website-2-2-1-293x234.jpeg","O1pBCpyOYZgVEAfni5ucUQ==":"partners-logos-2-240x37.png","mfMVBtnY8ckUCdS1pZNunA==":"capture-240x38.png","3VR8Jc9oSW6LXOoV1nUkyw==":"mbr-1920x1280.jpg","vt/JRycTc2eaQ3iSAtvD1w==":"mbr-1920x960.jpg","jWhUa/T+eW8R4KbuUHtP2g==":"mbr-1920x1358.jpg","qLgJOhvhqmOoNf9F1t3y5A==":"mbr-1-1920x1280.jpg","XzrdVUoiDH0roZVsYMEmwA==":"mbr-1920x1080.jpg","YIPk2wS2wbpwKyJG89FyKg==":"mbr-1920x1086.jpg","F9M/m3hZjCgEoAWMwn3xkQ==":"mbr-2-1920x1280.jpg","x+DP+AE42jkNiG3oTukREg==":"images-225x225.png","XG9d+gLJhtUJXPbiZS6H7Q==":"psyssa-logo_final_white-240x91.jpg","odlBjDm54TYnfwU819SVGA==":"173988-240x245.jpg","7j43xr85QJ4jFkMbj1Bvaw==":"unnamed-240x240.png","5M3MkJI5PeZKl0amO4iBGg==":"download-225x225.png","PIuTjdwKx/b5Fw8eEN6Iww==":"psyssa-logo_final_white-240x91.jpeg","g1dNswJDIRymY7pwuZ8zhA==":"images-240x210.jpg","b/63VaehTr0j1CeZ86umBg==":"mbr-595x393.jpg","hdp6BBxScAJARCYvQf8ItQ==":"mbr-595x396.jpg","EnIIJLBDYlSN/Dl+rKvHfA==":"mbr-595x397.jpg","A6ySWuzYKkhiAGrvDdCTyg==":"mbr-1-595x397.jpg","qtWSagndSinWwjjP9VsDaw==":"mbr-2-595x397.jpg","Isk3iC/uqUzt08u1bFgXIA==":"mbr-3-1920x1280.jpg","ef0twCyEXi4rECc0kSyhXQ==":"images-210x240.png","0ST/jgx8ZEyjjNcmI8PKbA==":"images-1-210x240.png","ML42jT7vuDcVaY8Swqn65A==":"si-479x422.png","ReA+ytkHrHYY7Yp+e0d/gQ==":"michelle-pic-website-2-2-1-234x234.jpg","DXI86/qz5LCZtqmSXwf+fA==":"mbr-424x545.jpg","zcaphMYfdzqTmsPgBBteEw==":"mbr-424x283.jpg","iwRjD8kaN072LOI6e/bYTg==":"mbr-424x283.jpeg","cd6vseYEEbWFlTxhMtk99A==":"mbr-431x239.jpg","kx23Cb9FxAZVgf62XdDFfw==":"mbr-431x239.jpeg","b2foKgZeqhN1A2IbkKsqzw==":"mbr-424x545.jpeg","0k9Btz8DdL6r1VxSQ0vY9g==":"mbr-1-431x239.jpeg"}